type,duration
TV Show,9 Seasons
TV Show,2 Seasons
TV Show,7 Seasons
TV Show,2 Seasons
TV Show,4 Seasons
TV Show,2 Seasons
TV Show,6 Seasons
TV Show,4 Seasons
TV Show,2 Seasons
TV Show,9 Seasons
TV Show,2 Seasons
TV Show,5 Seasons
TV Show,15 Seasons
TV Show,5 Seasons
TV Show,2 Seasons
TV Show,2 Seasons
TV Show,2 Seasons
TV Show,2 Seasons
TV Show,4 Seasons
TV Show,8 Seasons
TV Show,5 Seasons
TV Show,2 Seasons
TV Show,2 Seasons
TV Show,5 Seasons
TV Show,9 Seasons
TV Show,2 Seasons
TV Show,6 Seasons
TV Show,5 Seasons
TV Show,2 Seasons
TV Show,4 Seasons
TV Show,2 Seasons
TV Show,2 Seasons
TV Show,5 Seasons
TV Show,2 Seasons
TV Show,3 Seasons
TV Show,2 Seasons
TV Show,6 Seasons
TV Show,3 Seasons
TV Show,2 Seasons
TV Show,8 Seasons
TV Show,3 Seasons
